,AUC Mean,AUC Std,F1 Mean,Recall Mean
RandomForest,0.9986115217473286,0.0013348559729382562,0.8636001325846273,0.7622652582159624
XGBoost,0.9975384808832649,0.001957718383814045,0.9297558869374459,0.8762323943661972
KNN,0.9949724323544888,0.007414587883220112,0.9286520741892161,0.9056729264475744
SVM (RBF),0.9865653134526948,0.014577245791959313,0.9221074792743611,0.92981220657277
LogisticRegression,0.7713287990268982,0.03020933634504426,0.41995042093226775,0.6455007824726134
